ECOICOP_2,category_it,weight_raw,istat_weight,istat_percentage
01,Prodotti alimentari e bevande analcoliche,172256,0.172256,17.2256
02,"Bevande alcoliche, tabacco e droghe",29104,0.029104,2.9104
03,Abbigliamento e calzature,60192,0.060192,6.0192000000000005
04,"Abitazione, acqua, elettricità, gas e altri combustibili",120000,0.12,12.0
05,"Arredamenti, apparecchi per uso domestico e manutenzione corrente dell'abitazione",67696,0.067696,6.7696000000000005
06,Sanità,81502,0.081502,8.1502
07,Trasporti,154540,0.15454,15.454
08,Informazione e comunicazione,28613,0.028613,2.8613
09,"Ricreazione, sport e cultura",58992,0.058992,5.8992
10,Servizi di istruzione,9678,0.009678,0.9678000000000001
11,Servizi di ristoranti e servizi di alloggio,121827,0.121827,12.1827
12,Servizi finanziari e assicurativi,26667,0.026667,2.6667
13,"Assistenza alla persona, protezione sociale e beni e servizi vari",68933,0.068933,6.893299999999999
